304,Alejandro Navarrete - Pje 15,8
304,Alejandro Navarrete - Punta Arenas / Sur,8
304,Punta Arenas 5,8
304,Antartida - Cuatro Nte,9
304,Escuela Orlando Pena,8
304,Uno Sur - Escuela Orlando Pena,9,
304,Uno Sur - Uno 1 / 2 Sur,8,
304,Gomez Carreño - Veinte Pte,10,
304,Gomez Carreño - Diecisiete Pte,11,
304,Gomez Carreño - Uno Sur,11,
304,Gomez Carreño - Trece Pte,8,
304,Gomez Carreño / Sanatorio Marítimo,12,
304,Gomez Carreño - Indico,11,
304,Gomez Carreño / Esval Poniente,12,
304,Sta Ines - Indicó,10,
304,Alessandri / Bencinera Terpel,10,
304,Subida Alessandri - Sta Ines / Poniente,10,
304,Alessandri - Pasaje A,12,
304,Alessandri,12,
304,Alessandri - Veintitres Norte,12,
304,Quince Norte - Igatri,8,
304,15 Norte - 3 Oriente,8,
304,San Antonio 1317,8,
304,San Antonio 1079,8,
304,San Antonio,8,
304,Quillota - Nueve Norte,9,
304,Quillota - 8 Norte,9,
304,Quillota 549,9,
304,Quillota - 5 Norte,9,
304,Quillota 233,9,
304,Quillota 33,11,
304,Uno Norte - Mercado,11,
304,Uno Norte - Los Castaños,8,
304,Uno Norte - Estero Marga Marga,8,
304,Uno Norte - Sporting Club,8,
304,Uno Norte - Lusitania,8,
304,Uno Norte - Troncal Sur,8,
304,Uno Norte Easy,8,
304,Uno Norte Troncal Sur,8,
304,Camino Troncal - Uno Norte,8,
304,Camino Troncal - Isla Picton,8,
304,Camino Troncal - Punta Lobos Poniente,8,
304,Variante Soberanía / Camino Troncal,8,
304,Troncal Pasarela / Sur,8,
304,Troncal Pasarela 2 / Sur,8,
304,Troncal Pasarela 3 / Sur,8,
304,Troncal Pasarela 4 / Sur,9,
304,Universidad Federico Santa Maria,9,
304,Esrtella Polar Los Carrera / Sur,9,
304,Los Carrera 1729 / Sur,9,
304,Los Carrera,9,
304,Los Carrera 1166 / Sur,9,
304,Los Carrera 495 / Sur,9,
304,Los Carrera 243,9,
304,Los Carrera 15 / Sur,9,
304,Los Carrera 180,10,
304,Los Carrera 277,10,
304,Los Carrera 432 / Sur,10,
304,Los Carrera 549,10,
304,Los Carrera 635,10,
304,Los Carrera 864,10,
304,Los Carrera 981,11,
304,Los Carrera - David Cortes,8,
304,Los Carrera - Caupolican / Sur,8,
304,Los Carreras 1422 - 1448,8,
304,Los Carreras - San Martin,8,
304,Los Carreras 1650 - 1692,9,
304,Los Carreras - Pedro Aguirre Cerda,9,
304,Portal El Belloto Jumbo,9,
304,Portal El Belloto Easy,9,
304,Hipermercado Lider,9,
304,Freire - Jose Fuentes,10,
304,Freire - Peru,10,
304,Freire 640,10,
304,Freire 640 - 731,10,
304,Serena - Freire,10,
304,Freire - San Pedro,10,
304,Freire Ojos De Agua,10,
304,Avenida Valparaíso - Nazareth / Sur,11,
304,Bencinera Copec,11,
304,Hospital Naval,11,
304,Colegio Hyatt,12,
304,Avenida Valparaíso - Esmeralda,12,
304,Avenida Valparaiso - Balmaceda,12,
304,Avenida Valparaíso - Ferrari,12,
304,Supermercado Unimarc,8,
304,Multitienda Tricot,8,
304,Rotary Club,8,
304,Bencinera Shell,8,
304,Digeder,9,
304,Canchas Fútbol 6,9,
304,Baquedano / Sur,9,
304,Manuel Montt - Colón,8,
304,Manuel Montt - Caupolicán / Poniente,8,
304,Victoria - Colón,9,
304,Cien Aguilas - Pedro Montt,10,
304,Federico Errazuriz - Marcelino Champagnat,10,
304,Ignacio Carrera Pinto,10,
304,Garita Ignacio Carrera Pinto,10,
304,Tortosa,10,
307,Maroto Poniente,8,
307,Maroto Calle 11,9,
307,Maroto / Calle 7 Poniente,8,
307,Calle 7 - Sta Margarita / Poniente,8,
307,Vergara - Clarencia,8,
307,Clarencia 882,8,
307,Clarencia - Magallanes,8,
307,Los Manantiales Magallanes,8,
307,Magallanes - Alejandro Flores Norte,9,
307,Los Manantiales - Los Navegantes,9,
307,De Reñaca - Petrelis,9,
307,De Reñaca A Concon - Scipion Borgoño / Norte,8,
307,Costanera - De Reñaca A Con Con,9,
307,Psj. 5de Reñaca A Concon,8,
307,Av. Reñaca Poniente,9,
307,Av Reñaca / Sta Isabel,8,
307,Av Reñaca,8,
307,Edicio Grecomar,9,
307,Av Edmundo Eluchans,9,
307,Av Edmundo Aluchans - Las Agatas,9,
307,Centro Comercial Foresta Reñaca / Poniente,9,
307,Camino Del Alto 1555 / Poniente,9,
307,Camino Del Alto Miramar,9,
307,Camino Del Alto - Bellavista,10,
307,Edicio Olimpo Del Mar,11,
307,Borgoño - Las Olas / Poniente,11,
307,Playa Salinas,11,
307,Jorge Montt - Playa Del Deporte,11,
307,Jorge Montt Playa Del Sol,8,
307,Jorge Montt - Petrobras / Oriente,8,
307,Quince Norte - 1 / 2 Poniente,8,
307,Libertad Quince Norte,8,
307,Libertad - Trece 1 / 2 Norte,8,
307,Libertad Diez Norte,8,
307,Libertad - Ocho Norte,8,
307,Libertad Copec,9,
307,Calle Valparaiso - Batuco,9,
307,Calle Valpraiso - Simon Bolivar,9,
307,Calle Valparaiso - Pte Cancha / Sur,9,
307,Uno Norte Sporting Club,8,
307,Uno Norte - Lusitania,8,
307,Uno Norte Troncal Sur,9,
307,Uno Norte Easy,8,
307,Uno Norte - Troncal Sur,9,
307,Camino Troncal - Uno Norte,8,
307,Camino Troncal - Isla Picton,8,
307,Camino Troncal - Punta Lobos Poniente,9,
307,Variante Soberanía / Camino Troncal,8,
307,Troncal Pasarela / Sur,9,
307,Troncal Pasarela 2 / Sur,8,
307,Troncal Pasarela 3 / Sur,9,
307,Troncal Pasarela 4 / Sur,8,
307,Universidad Federico Santa Maria,8,
307,Estrella Polar Los Carrera / Sur,8,
307,Los Carrera 1729 / Sur,12,
307,Los Carrera,8,
307,Los Carrera 1166 / Sur,8,
307,Los Carrera 495 / Sur,8,
307,Los Carrera 243,8,
307,Los Carrera 15 / Sur,8,
307,Los Carrera 180,9,
307,Los Carrera 277,9,
307,Los Carrera 432 / Sur,9,
307,Los Carrera 549,9,
307,Los Carrera 635,9,
307,Los Carrera 864,8,
307,Los Carrera 981,9,
307,Los Carrera - David Cortes,8,
307,Los Carrera - Caupolican / Sur,9,
307,Los Carreras 1422 - 1448,8,
307,Los Carreras - San Martin,9,
307,Los Carreras 1650 - 1692,8,
307,Los Carreras - Pedro Aguirre Cerda,9,
307,Portal El Belloto Jumbo,8,
307,Portal El Belloto Easy,8,
307,Hipermercado Lider,9,
307,Freire - Jose Fuentes,8,
307,Freire - Peru,9,
307,Freire 640,8
307,Freire 640 - 731,8,
307,Serena - Tahiti,8,
307,Serena - Nva,9,
307,Tierras Rojas - Bonanza,8,
307,Tierras Rojas 396,9,
307,Troncos Viejos 2671,8,
307,Troncos Viejos - Andromeda,9,
307,Troncos Viejos - Alde A. Peralta / Sur,8,
307,Troncos Viejos - Alde M. Gandulfo,8,
307,El Rocio - Porvenir,9,
307,Porvenir 1921,9,
307,Pje Dieciseis,9,
307,Porvenir Sur - Finlandia,9,
307,Porvenir Sur - San José,9,
307,Dinamarca - Yungay,9,
307,Lourdes - Anita Westwood,9,
307,Lourdes - Santa Margarita,9,
307,Lourdes - Maturana / Sur,9,
307,La Palma / Aviador Figueroa,9,
307,La Palma - Primera / Sur,9,
307,La Palma - Ignacio Carrera Pinto,9,
307,La Palma Paul Harris,9,
307,Castellón / Gabriel Dazarola / Sur,9,
307,Castellón / Pasaje Siete / Sur,9,
307,Nueva Hipódromo Hipódromo / Sur,9,
307,Hipodromo / Medio,9,
307,Nueva Hipódromo - Colón Oriente,9,
303,Las Acacias - Los Arrayanes Sur,8,
303,Garita Las Acacias,8,
303,Las Acacias - Los Aromos Norte,9,
303,Hipódromo - Colón Poniente,8,
303,Vicepresidente Bernando Leighton / Poniente,9,
303,Vicepresidente Bernando Leighton - Santa Adelina,9,
303,M. Montt Yolanda,8,
303,Manuel Montt - Caupolicán / Oriente,8,
303,Baquedano - Barros Araña,9,
303,Baquedano / Norte,9,
303,Baquedano - Riveros,9,
303,Puente Negro,9,
303,Correo Chilexpress,8,
303,Municipalidad Villa Alemana,8,
303,Avenida Valparaíso - Paseo La Torre,8,
303,Banco Bci,9,
303,Avenida Valparaiso - Caupolican,9,
303,Copec,9,
303,Taller Deulofeu,9,
303,Ferretería Toso,9,
303,Avenida Valparaíso - Carmen,8,
303,Supermercado Unimarc,8,
303,Valparaíso Nazareth / Norte,8,
303,Colegio Juan XXIII / Oeste,8,
303,Freire 262 - 292,9,
303,Freire - Gómez Carreño,9,
303,Freire - El Belloto / Oeste,9,
303,Freire 912 - 998,8,
303,Freire - Psje La Sta María,8,
303,Freire - Araus,8,
303,Supermercado Mayorista 10,8,
303,La Polar,8,
303,Freire - Lo Gamboa,8,
303,Ist,8,
303,Freire - Las Palmas,8,
303,Colegio Daniel De La Vega,8,
303,Freire 1133,8,
303,Freire 906,8,
303,Diego Portales 754,8,
303,Los Carrera 627,8,
303,Los Carrera 523,8,
303,Los Carrera 432 / Norte,8,
303,Los Carrera 18,8,
303,Los Carrera 15 / Norte,8,
303,Los Carrera 312,8,
303,Los Carrera 495 / Norte,9,
303,Los Carrera 739,9,
303,Los Carrera 1166 / Norte,9,
303,Los Carrera Cooperación,9,
303,Los Carrera 1729 / Norte,9,
303,Estrella Polar - Los Carrera / Norte,9,
303,Los Lunes - Troncal / Norte,11,
303,Troncal Pasarela 4 / Norte,12,
303,Troncal Pasarela 3 / Norte,8,
303,Troncal Pasarela 2 / Norte,8,
303,Troncal Pasarela / Norte,8,
303,Camino Troncal - Punta Lobo Sur,8,
303,Camino Troncal,8,
303,Camino Troncal - Uno Norte,8,
303,Uno Norte Santo Tomas,8,
303,Uno Norte Supermecado Jumbo,8,
303,Uno Norte - Los Algarrobos,8,
303,Uno Norte - Los Ligustros,8,
303,Uno Norte Colegio San Ignacio,8,
303,Uno Norte - Los Alerces,9,
303,Uno Norte Bella Tierras,9,
303,Uno Norte - Pte. Cancha,9,
303,Uno Norte Petrobras Poniente,9,
303,Uno Norte Cinco 1 / 2 Ote,9,
303,5 Oriente Cruz Verde,9,
303,Cinco Oriente Cinco Norte,10,
303,5 Oriente Universidad De Valparaiso,10,
303,5 Oriente,8,
303,5 Oriente, ,
303,6 Oriente - 12 Norte,8,
303,6 Oriente - 14 Norte,8,
303,6 Oriente - Con Con,9,
303,Quince Norte - Calera,9,
303,15 Norte Espacio Urbano,9,
303,Libertad - 18 Nte,9,
303,Dieciocho Norte,9,
303,Jorge Montt Diecinueve Norte,9,
303,Jorge Montt Escuela De Armamentos,9,
303,Jorge Montt - Guard Riquelme,9,
303,Jorge Montt Iglesia Naval,9,
303,Jorge Montt Escuela De Operaciones,9,
303,Jorge Montt Escuela Naval,8,
303,Iglesia San Expedito,8,
303,Angamos - Carlos Cordell,8,
303,Angamos - Lynch,7,
303,Camino Del Alto,7,
303,Camino Del Alto 1490,7,
303,Camino Del Alto 1555 / Oriente,7,
303,Centro Comercial La Foresta,7,
303,Edmundo Eluchans 2447,7,
303,Edmundo Eluchans / Copec,7,
303,Av Reñaca - Blanca Estela,7,
303,Av. Reñaca Oriente,9,
303,Psj. 4 Reñaca Con Con,9,
303,De Reñaca A Concon - Costanera,9,
303,De Reñaca A Concon - Scipion Borgoño / Sur,8,
303,De Reñaca A Con Con - Los Cisnes,8,
303,Los Manantiales - Segunda Transversal,8,
303,Río Maule - Segunda Transversal,9,
303,Río Maule - Los Castaños, ! Oriente - Norte,8
303,Magallanes Chañarcillo,8,
303,Los Manantiales,9,
303,Clarencia / Rio De Oro Oriente,8,
303,Cortes - Calle 7,9,
303,San Agustin - Calle8,8,
303,San Agustin - Calle 10 Sur,9,
303,San Agustin - Calle 13,9,
303,Internacional CH - 60 / Oriente,9,
303,Maroto - Int. CH 60,9,
303,Borgoño Poniente,9,
302,Garita Las Acacias,10,
302,El Rincón Las Acacias,11,
302,Camino Troncal - El Rincón Norte,8,
302,Manuel Montt - God Bless You,8,
302,Manuel Montt / Norte,8,
302,Manuel Montt - Bucarest,9,
302,Manuel Montt Caupolicán / Oriente,8,
302,Baquedano - Barros Araña,9,
302,Baquedano / Norte,9,
302,Baquedano - Riveros,9,
302,Puente Negro,9,
302,Correo Chilexpress,8,
302,Municipalidad Villa Alemana,8,
302,Avenida Valparaíso - Paseo La Torre,8,
302,Colegio Mary Graham / Poniente,8,
302,Maturana Altamirano / Poniente,8,
302,Maturana 1498,9,
302,Maturana San Marco,9,
302,Maturana - Santa María,8,
302,Maturana Francisca,8,
302,Maturana - El Álamo / Oriente,8,
302,F560,9,
302,F560/F50,10,
302,Marga Marga - San Felipe,11,
302,Marga Marga - Puchuncavi,12,
302,Gimasio Pacic Fitness,8
302,Marga Marga - Buenos Aires,10,
302,Blanco - Las Rosas,11,
302,Freire - Las Palmas,12,
302,Colegio Daniel De La Vega,8,
302,Freire 1133,9,
302,Freire 906,8,
302,Diego Portales 754,8,
302,Los Carrera 627,8,
302,Los Carrera 523,9,
302,Los Carrera 432 / Norte,9,
302,Los Carrera 18,9,
302,Los Carrera 15 / Norte,9,
302,Los Carrera 312,9,
302,Los Carrera 495 / Norte,9,
302,Los Carrera 739,9,
302,Los Carrera 1166 / Norte,8,
302,Los Carrera - Cooperación,8,
302,Los Carrera 1729 / Norte,8,
302,Estrella Polar - Los Carrera / Norte,8,
302,Los Lunes - Troncal / Norte,9,
302,Troncal Pasarela 4 / Norte,9,
302,Troncal Pasarela 3 / Norte,9,
302,Troncal Pasarela 2 / Norte,9,
302,Troncal Pasarela / Norte,9,
302,Camino Troncal Punta Lobo Sur,9,
302,Camino Troncal,9,
302,Camino Troncal Uno Norte,9,
302,Uno Norte Santo Tomas,9,
302,Uno Norte Supermecado Jumbo,9,
302,Uno Norte - Los Algarrobos,8,
302,Uno Norte - Los Ligustros,8,
302,Uno Norte Colegio San Ignacio,8,
302,Uno Norte - Los Alerces,8,
302,Uno Norte Bella Tierras,8,
302,Uno Norte - Pte. Cancha,8,
302,Uno Norte Petrobras Poniente,8,
302,Uno Norte - Cinco 1 / 2 Ote,8,
302,Uno Norte - Tres 1 / 2 Ote,8,
302,Uno Norte Supermercado Unimarc,8,
302,Uno Norte - Libertad,8,
302,Libertad Museo Francisco Fonk,8,
302,Libertad - Seis Norte,8,
302,Libertad Nueve Norte,8,
302,Libertad - Diez Norte / Sur,8,
302,Libertad Trece Norte,8,
302,Libertad Plaza O´Higgins,9,
302,Dieciocho Norte,9,
302,Jorge Montt Diecinueve Norte,8,
302,Jorge Montt Escuela De Armamentos,8,
302,Jorge Montt - Guard Riquelme,8,
302,Jorge Montt Iglesia Naval,9,
302,Jorge Montt Escuela De Operaciones,8,
302,Jorge Montt Escuela Naval,9,
302,Borgoño,8,
302,Borgoño 14880,9,
302,Edicio Playa De Reñaca,8,
302,Borgoño 16222 / Oriente,9,
302,Hotel Neruda / Oriente,8,
302,Edicio Eurocosta,9,
302,Borgoño - Las Pimpinelas,8,
302,Borgoños - Breasillos,9,
302,Club De Yates Concon,8,
302,Borgoño - Prado,10,
302,Las Bahamas,11,
302,Barros Borgoño,8,
302,Borgoño,9,
302,Maroto Poniente,8,
309,Av. Universidad - Av. Surcos De Agua,10,
309,Av. Universidad - Av. Borde Laguna,10,
309,Av. Borde Laguna / Oriente,10,
309,Gmnasio Energy - Av. Borde Laguna / Oriente,10,
309,Av. Borde Laguna - Cardenal Samoré,10,
309,Supermercado Santa Isabel / Oriente,10,
309,Cardenal Samoré - Undécima Boulevard / Oriente,10,
309,Cardenal Samoré - Hernán Cortes,10,
309,Cardenal Samoré Cristóbal Colón / Oriente,9,
309,Cristóbal Colón - Cardenal Samoré,9,
309,Cardenal Samoré - Mauricio Rugenda,9,
309,Av. Cardenal Samoré - Primera Sur,8,
309,Cardenal Samoré Retén,9,
309,Cardenal Samoré - Sauce,8,
309,Sauce - Tercera,8,
309,Sauce - Cuarta,8,
309,Sauce - Octava,8,
309,Sauce - Novena,8,
309,Sauce - Décima,8,
309,Sauce - Undécima,8,
309,Sauce Duodécima,8,
309,Duodécima - Primera Sur,9,
309,Av. Bernardo Ohiggins / Poniente,9,
309,Pasarela Placilla De Peñuelas / Oriente,9,
309,Universidad Viña Del Mar,10,
309,Variante Agua Santa,10,
309,Variante Agua Santa - Navarrete,10,
309,Agua Santa 1,10,
309,Agua Santa - Concepcion,10,
309,Agua Santa 500,10,
309,Agua Santa - Arica,8,
309,Agua Santa - Chile Nte,9,
309,Variante Agua Santa,9,
309,Agua Santa - Vista Mar,8,
309,Agua Santa Guayacan,9,
309,Gruta Lourdes,9,
309,Estacion Miramar,8,
309,Iglesia Anglicana San Pedro,8,
309,Hospital Clinico Ist,8,
309,Alvarez Alcalde Prieto Nieto,8,
309,Alvarez - Alberto Blest Gana,8,
309,Juzgado De Garantia Y Tribunal De Juicio General,8,
309,Estación Hospital,9,
309,Entrada Hospital,9,
309,Alvarez 1758,9,
309,Alvarez - Subida Claude,9,
309,Estacion Chorrillo,8,
309,Bencinera,9,
309,Uno Norte - Troncal Sur,8,
309,Uno Norte Easy,9,
309,Uno Norte - Troncal Sur,8,
309,Camino Troncal - Uno Norte,10,
309,Camino Troncal - Isla Picton,10,
309,Camino Troncal - Punta Lobos Poniente,10,
309,Variante Soberanía / Camino Troncal,9,
309,Troncal Pasarela / Sur,9,
309,Troncal Pasarela 2 / Sur,9,
309,Troncal Pasarela 3 / Sur,9,
309,Troncal Pasarela 4 / Sur,8,
309,Universidad Federico Santa Maria,8,
309,Estrella Polar - Los Carrera / Sur,9,
309,Los Carrera 1729 / Sur,8,
309,Los Carrera,9,
309,Los Carrera 1166 / Sur,9,
309,Los Carrera 495 / Sur,9,
309,Los Carrera 243,8,
309,Los Carrera 15 / Sur,8,
309,Los Carrera 180,8,
309,Los Carrera 277,8,
309,Los Carrera 432 / Sur,8,
309,Los Carrera 549,8,
309,Los Carrera 635,8,
309,Los Carrera 864,8,
309,Los Carrera 981,8,
309,Los Carrera - David Cortes,9,
309,Los Carrera - Caupolican / Sur,9,
309,Los Carreras 1422 - 1448,9,
309,Los Carreras - San Martin,9,
309,Los Carreras 1650 - 1692,9,
309,Los Carreras - Pedro Aguirre Cerda,9,
309,Portal El Belloto Jumbo,9,
309,Portal El Belloto Easy,9,
309,Hipermercado Lider,9,
309,Freire - Jose Fuentes,9,
309,Freire - Peru,9,
309,Freire 640,9,
309,Freire 640 - 731,9,
309,Serena - Freire,9,
309,Freire - San Pedro,9,
309,Freire Ojos De Agua,9,
309,Avenida Valparaíso - Nazareth / Sur,9,
309,Bencinera Copec,10,
309,Hospital Naval,10,
309,Colegio Hyatt,10,
309,Avenida Valparaíso - Esmeralda,10,
309,Avenida Valparaiso - Balmaceda,10,
309,Avenida Valparaíso - Ferrari,10,
309,Supermercado Unimarc,10,
309,Maturana - Paseo La Torre,10,
309,Multitienda Tricot,10,
309,Rotary Club,10,
309,Bencinera Shell,10,
309,Digeder,9,
309,Canchas Fútbol 6,9,
309,Baquedano / Sur,9,
309,Manuel Montt - Colón,9,
309,Manuel Montt - Caupolicán / Poniente,9,
309,Manuel Montt - Vicepresidente Bernardo Leighton,9,
309,Vicepresidente Bernando Leighton - Santa Adelina,9,
309,Vicepresidente Bernando Leighton / Poniente,9,
309,Hipódromo - Colón Poniente,9,
309,Nueva Hipódromo Colón Oriente,9,
309,Nueva Hipódromo - Barcelona Oriente,9,
405,Club Español De Reñaca,10,
405,Vicuña Mackenna - Anibal Pinto,8,
405,Anibal Pinto,9,
405,Los Sargazos - Litorina / Norte,8,
405,Los Sargazos 1513 / Sur,8,
405,Los Sargazos - Nitella,8,
405,Los Sargazos - Dilomio,8,
405,Los Sargazos - Pje 35,9,
405,Antofagasta - Pje 38,9,
405,Colegio Emanuel,9,
405,Punta Arenas 5,9,
405,Antartida - Cuatro Nte,10,
405,Escuela Orlando Pena,10,
405,Uno Sur - Escuela Orlando Pena,8,
405,Uno Sur - Uno 1 / 2 Sur,8,
405,Gomez Carreño Veinte Pte,8,
405,Gomez Carreño - Diecisiete Pte,8,
405,Gomez Carreño - Uno Sur,8,
405,Escuela Almirante Gomez Carreño,9,
405,Escuela Especial Rapa Nui / Sur,9,
405,Atlantico Cantabrico,9,
405,Gomez Carreño / Sanatorio Marítimo,8,
405,Gomez Carreño - Indico,8,
405,Gomez Carreño / Esval Poniente,8,
405,Sta Ines - Indicó,9,
405,Alondra,9,
405,Con Con - Calle Cuatro,9,
405,Con Con,8,
405,San Antonio 1317,8,
405,San Antonio 1079,8,
405,San Antonio,8,
405,Quillota - Nueve Norte,8,
405,Quillota - 8 Norte,8,
405,Quillota 549,8,
405,Quillota - 5 Norte,8,
405,Quillota 233,8,
405,Quillota 33,8,
405,Arlegui 861,8,
405,Compañía De Bomberos,8,
405,Calle Valparaiso - Quilpue,9,
405,Calle Valparaiso - Batuco,9,
405,Calle Valpraiso - Simon Bolivar,9,
405,Simon Bolivar 395,9,
405,Plaza Forestal,9,
405,Particular - El Tranque,9,
405,Blanca Vergara - O´Higgins,9,
405,La Paz 2188,9,
405,La Paz Recabarren,9,
405,Naguillan,9,
405,Rogelio Astudillo - O´Higgins,9,
405,Los Timbales,9,
405,Rio Alvarez - Isla Carmen,9,
405,Isla De Pascua - Rio Allipen,9,
405,Rio Alvarez 62,9,
405,Rio Aysen - Isla Condor,9,
208-R,Fin 208,10,
208-R,Borinquen - Manati / Norte,8,
208-R,Karina, Rio Orinoco,8
208-R,Veintiuno De Mayo Francisco Bilbao,9,
208-R,Los Cerezos - Blurton,8,
208-R,Barros Arana - Galvarino,8,
208-R,Madre De Dios,9,
208-R,Manuel Rodriguez - 18 Septiembre,8,
208-R,Plaza Recreo - M Rodriguez,9,
208-R,Amunategui - Bascuñan,9,
208-R,Vera,8,
208-R,Subida Covadonga,9,
208-R,Diego Portales - Condell,9,
208-R,Diego Portales 781,8,
208-R,Chorrillos - Caracas,8,
208-R,Agua Santa 77-95,8,
208-R,Estacion Miramar,8,
208-R,Iglesia Anglicana San Pedro,9,
208-R,Hospital Clinico Ist,9,
208-R,Plaza Vergara,9,
208-R,Libertad Museo Francisco Fonk,9,
208-R,Libertad - Seis Norte,9,
208-R,Libertad - Nueve Norte,8,
208-R,Libertad - Diez Norte / Sur,8,
208-R,Libertad - Trece Norte,8,
208-R,Libertad Plaza O´Higgins,8,
208-R,Libertad - 18 Nte,8,
208-R,Dieciocho Norte,8,
208-R,Jorge Montt Diecinueve Norte,8,
208-R,Jorge Montt Escuela De Armamentos,8,
208-R,Jorge Montt Guard Riquelme,8,
208-R,Jorge Montt Iglesia Naval,8,
208-R,Jorge Montt Escuela De Operaciones,9,
208-R,Jorge Montt Escuela Naval,9,
208-R,Iglesia San Expedito,8,
208-R,Hotel Montecarlo,9,
208-R,Vicuna Mackenna - Portales,8,
208-R,Colegio Mackay,9,
208-R,Anibal Pinto,9,
208-R,Los Sargazos / Mirador / Norte,8,
208-R,Viña Del Mar - Castellani,8,
208-R,Viña Del Mar - Quintanilla,8,
208-R,Jardin Del Mar Laurencia,10,
208-R,Elkonia - Montemania,10,
208-R,Los Sargazos Dilomio,10,
208-R,Los Sargazos - Pje 35,8,
208-R,Antofagasta - Pje 38,9,
208-R,Colegio Emanuel,9,
208-R,Punta Arenas 5,8,
208-R,Gomez Careño,8,
208-R,Gomez Carreño - Veinte Pte,9,
208-R,Gomez Carreño Diecisiete Pte,9,
208-R,Gomez Carreño - Uno Sur,8,
208-R,Escuela Almirante Gomez Carreño,8,
208-R,Escuela Especial Rapa Nui / Sur,8,
208-R,Atlantico - Cantabrico,8,
208-R,Gomez Carreño / Sanatorio Marítimo,9,
208-R,Gomez Carreño - Indico,9,
208-R,Gomez Carreño / Esval Poniente,9,
208-R,Alessandri Central,10,
208-R,Alessandri - Lira,8,
208-R,Camino Internacional - Los Jacintos,8,
208-R,Carlos Ibañez Del Campo 496,8,
208-R,Carlos Ibañez Del Campo - Puente Los Tulipanes,8,
208-R,Carlos Ibañez Del Campo - Guacolda,8,
208-R,Carlos Ibañez Del Campo - Anita Lizama,8,
208-R,Carlos Ibañez Del Campo Anita Lizama,8,
208-R,Carlos Ibañez Del Campo Livingstone,8,
208-R,Carlos Ibañez Del Campo - Manuel Plaza,8,
208-R,Camino Internacional,9,
208-R,Eduardo Frei - Los Almendros,9,
208-R,Eduardo Frei - Del Avellano,8,
208-R,El Maqui Corcolén,9,
208-R,Circunvalacion - Pomaire,8,
208-R,Circunvalacion Pelu,8,
208-R,Eduardo Frei - El Lucumo,9,
208-R,Eduardo Frei - Del Membrillo,9,
208-R,Eduardo Frei - El Avellano,8,
208-R,Eduardo Frei Ximena,9,
208-R,208-R,Eduardo Frei - Olga,8
208-R,Garita,9,
211,Garita,10,
211,Segunda - Calle Tres,11,
211,Calle Dos - Segunda,8,
211,Primera - Calle Dos,8,
211,Primera,8,
211,Calle Uno 10,8,
211,Alemania / Norte,9,
211,Las Maravillas / Lateral Sodimac,9,
211,Las Maravillas - Estero Marga,9,
211,Las Maravillas / Cancha,8,
211,Calle Tres - Lago Penuelas,8,
211,Lago Peñuelas - Calle Dos,9,
211,Los Alelies,8,
211,Dionisio Hernandez - Kennedy,9,
211,Dionisio Hernandez - Los Geranios,9,
211,El Rosedal,9,
211,Botilleria El Cañito,8,
211,Alessandri Gomez Carreño,8,
211,Sta Ines - Indicó,8,
211,Alondra,8,
211,Veintiuno Norte - Calle Dos,9,
211,Veintuno Norte - Calle Siete,9,
211,Libertad - Quince Norte,8,
211,Libertad - Trece 1 / 2 Norte,8,
211,Libertad - Diez Norte,8,
211,Libertad - Ocho Norte,8,
211,Libertad Copec,8,
211,Libertad - Uno Norte,9,
211,Arlegui - Libertad,9,
211,Municipalidad De Viña,9,
211,Arlegui 573,8,
211,Arlegui 529,8,
211,Arlegui 437,8,
211,Arlegui 333,8,
211,Arlegui 237,8,
211,Arlegui 139,8,
211,Av España - Cerro Castillo,9,
211,Caleta Abarca,8,
211,Avenida Espana - Arturo Prat / Norte,9,
211,Estacion Recreo / Poniente,9,
211,Av. Esapaña,8,
211,Entrada A Valparaiso,8,
211,Estación Portales / Norte,8,
211,Pasarela Federico Santa Maria,9,
211,Avenida Espana - Subida San Luis / Poniente,9,
211,Pasarela Av España - Yolanda,9,
211,Avenida Espana,8,
211,Avenida Espana,8,
211,Argentina - Orella,8,
211,Chacabuco 2899,8,
211,Chacabuco 2719,8,
211,Chacabuco 2646,8,
211,Chacabuco 2333,8,
211,Chacabuco 2110,8,
211,Chacabuco 1934,8,
211,Chacabuco 1774-1798,9,
211,Supermercado Unimarc,9,
211,Brazil - Bellavista,8,
211,Intendencia De Valparaiso,8,
211,Duoc Cousiño,8,
211,Blanco - Gomez Carreño,8,
211,Blanco - Urriola,8,
211,Blanco - Almirante Señoret,9,
211,Blanco Sotomayor,8,
211,Blanco - Clave,8,
211,Mercado - Puerto,8,
211,Blanco - Marquez,8,
211,Blanco 21,8,
211,Aduana,8,
211,Aduana Carampagne,8,
216,Sold Barrea - Camino Queb Verde,10,
216,Colegio Alberto Hurtado Segundo / Sur,10,
216,Camino Cintura 239,8,
216,Camino Cintura 290,8,
216,Gran Bretaña - Ing Mutilla,8,
216,Plaza Washington / Oriente,9,
216,Regimiento Maipo,9,
216,Universidad Valparaiso - Dider / Oriente,8,
216,Parque Alejo Barrios / Sur,8,
216,Parque,8,
216,Caleta Membrillo / Poniente,8,
216,Asmar / Poniente,8,
216,Playa Torperderas / Sur,8,
216,Ascensor Artilleria,8,
216,Errazuriz - San Martin - Plaza Echaurren,8,
216,Sotomayor - Errazuriz Puerto,8,
216,Puerto - Errazuriz,8,
216,Errázuriz 755-759,9,
216,Errazuriz - Gomez Carreño,9,
216,Errazuriz - Duoc Cousiño / Poniente,9,
216,Errazuriz - Bellavista / Poniente,9,
216,Corporacion Municipal De Valparaiso,8,
216,Errazuriz Molina,8,
216,Errazuriz - Las Heras - Facea,8,
216,Errazuriz Rodriguez / Poniente,8,
216,Universidad De Valparaiso Sede De Derecho,8,
216,Errazuriz - Francia / Poniente,9,
216,Errazuriz - Francia / Oriente,9,
216,Brasil - Uruguay Mercado Cardonal,8,
216,Ponticia Universidad Catolica De Valparaiso - Gimpert,8,
216,Ponticia Universidad Catolica De Valparaiso,8,
216,Casa Central,8,
216,Diego Portales - Amalia Paz,8,
216,Av Espana - Subida San Luis / Oriente,8,
216,Federico Santa Maria,8,
216,España - Escala Bari,8,
216,Estacion Portales / Sur,8,
216,Inacap,8,
216,Industrial De Valparaiso,9,
216,Estacion Recreo / Oriente,9,
216,Avenida Espana - Arturo Prato / Sur,9,
216,Reloj De Flores,8,
216,La Marina,8,
216,La Marina Pte Ecuador,8,
216,Seis Poniente,9,
216,Cuatro Norte - Cinco Poniente,9,
216,Cuatro Norte - Tres Poniente,9,
216,Libertad Seis Norte,8,
216,Libertad - Nueve Norte,8,
216,Libertad - Diez Norte / Sur,9,
216,Libertad - Trece Norte,9,
216,Libertad Plaza O ´Higgins,8,
216,Alessandri 230,8,
216,Alessandri - Veintidos Nte,8,
216,Alessandri - Hospital Naval,8,
216,Pasaje A - Alessandri,9,
216,Subida Alessandri 152,9,
216,Subida Alessandri - Sta Ines / Oriente,8,
216,Alessandri / Bencinera Terpel / Oriente,8,
216,Sta Ines / Feria Libre,8,
216,Sta Ines - Gomez Carreño,8,
216,Gomez Carreño / Esval,9,
216,Gomez Carreño - Pacico,9,
216,Colegio Lord Chrocane,9,
216,Sanatorio Maritimo,9,
216,Escuela Especial Rapa Nui / Norte,8,
216,Gomez Carreño / Campo Futbol,8,
216,Gomez Carreño - Dieciocho Pte,8,
216,Gomez Carreño / Bencinera,8,
216,Gomez Carreño - Dos Nte,8,
216,Gomez Carreño - Veinticuatro Pte,8,
216,Gomez Carreño - Veintiseis Pte,8,
216,Antartida - Cuatro Nte,8,
216,Escuela Orlando Pena,8,
216,Uno Sur - Escuela Orlando Pena,8,
216,Veintiuno Pte - Tres Sur,8,
207,Aduana,10,
207,Errazuriz - San Martin - Plaza Echaurren,8,
207,Sotomayor - Errazuriz - Puerto,8,
207,Sotomayor - Errazuriz,8,
207,Puerto - Errazuriz,8,
207,Errázuriz 755-759,8,
207,Errazuriz - Gomez Carreño,8,
207,Errazuriz Gomez Carreño / Oriente,8,
207,Errazuriz - Gomez Carreño / Oriente,8,
207,Errazuriz - Duoc Cousiño / Poniente,8,
207,Errazuriz - Bellavista / Poniente,8,
207,Corporacion Municipal De Valparaiso,8,
207,Errazuriz - Molina,8,
207,Errazuriz - Las Heras - Facea,8,
207,Errazuriz - Rodriguez / Poniente,8,
207,Universidad De Valparaiso Sede De Derecho,9,
207,Errazuriz - Francia / Poniente,8,
207,Errazuriz - Francia / Oriente,8,
207,Brasil - Uruguay - Mercado Cardonal,9,
207,Ponticia Universidad Catolica De Valparaiso,8,
207,Gimpert,5,
207,Ponticia Universidad Catolica De Valparaiso,8,
207,Casa Central,5,
207,Avenida Espana,8,
207,Diego Portales - Amalia Paz,8,
207,Av España - Subida San Luis / Oriente,8,
207,Subida San Luis / Oriente,8,
207,Federico Santa Maria,8,
207,España - Escala Bari,8,
207,Estacion Portales / Sur,8,
207,Inacap,8,
207,Industrial De Valparaiso,8,
207,Estacion Recreo / Oriente,8,
207,Av España 753,8,
207,Av España - Agua Santa,8,
207,Estacion Miramar,8,
207,Iglesia Anglicana San Pedro,8,
207,Hospital Clinico Ist,8,
207,Quillota 0151,8,
207,Central Electrica,8,
207,La Marina 1110 - 1118,8,
207,5 Oriente Cruz Verde,8,
207,5 Oriente Cruz Verde,8,
207,5 Oriente - Cuatro Norte,8,
207,Cinco Oriente - Cinco Norte,8,
207,5 Oriente Universidad De Valparaiso,8,
207,5 Oriente,8,
207,5 Oriente,8,
207,6 Oriente - 12 Norte,8,
207,6 Oriente - 14 Norte,8,
207,6 Oriente - Con Con,8,
207,Quince Norte - Calera,8,
207,15 Norte Espacio Urbano,8,
207,Alessandri 230,8,
207,Alessandri Veintidos Nte,8,
207,Alessandri - Hospital Naval,8,
207,Pasaje A Alessandri,8,
207,Subida Alessandri 152,8,
207,Subida Alessandri - Sta Ines / Oriente,8,
207,Alessandri / Bencinera Terpel / Oriente,8,
207,Sta Ines / Feria Libre,8,
207,Sta Ines Gomez Carreño,8,
207,Alessandri Central,8,
207,Eleodoro Yañez Curiñanco,8,
207,E. Loaiza - Colegual,8,
207,Arturo Godoy - E,8,
207,Loaiza,8,
207,Luis Ayala - Vicentini,9,
207,Lizana - Polguin,9,
207,Carlos Ibañez Del Campo - Anita Lizama,9,
207,Carlos Ibañez Del Campo - Livingstone,9,
207,Carlos Ibañez Del Campo Manuel Plaza,9,
207,Camino Internacional,8,
207,Eduardo Frei Los Almendros,8,
207,Eduardo Frei - Del Avellano,9,
207,Eduardo Frei 3774-3798,9,
207,Eduardo Frei - Membrillo,8,
207,Eduardo Frei - El Manzano,8,
207,Eduardo Frei - El Maqui,9,
207,Meseta-El Gallo,8,
207,Padre Hurtado - El Golf,8,
207,Circunvalacion - Pelu,9,
207,Circunvalacion - Pomaire,9,
207,Chonta,9,
207,El Maqui,8,
207,El Maqui,8,
207,Eduardo Frei - Ximena,9,
207,Eduardo Frei - Olga,9,
207,Carlos Ibañez Del Campo,8,
207,Los Papiros,8,
207,Carlos Ibañez Del Campo - Los Renunculosb,9,
207,Carlos Ibañez Del Campo - Las Orquideas,8,
207,Camino Internacional - Las Mangolias,8,
207,Las Azucenas - Lourdes,8,
612,Federico Sta Maria - Jose Serey / Oriente,10,
612,Consultoria Playa Ancha / Oriente,8,
612,Mirador Marina Mercante Oriente,8,
612,Levarte 7,9,
612,Supermercado Santa Isabel / Sur,8,
612,Alcalde Barros Sta Teresa,8,
612,Galvarino - Colipi,8,
612,Cementerio De Playa Ancha,8,
612,Universidad De Playa Ancha - Campus1 / Oriente,8,
612,Parque Alejo Barrios / Sur,8,
612,Parque,8,
612,Caleta Membrillo / Poniente,9,
612,Asmar / Poniente,9,
612,Playa Torperderas / Sur,8,
612,Ascensor Artilleria,8,
612,Aduana,8,
612,Bustamante - Capampagne,9,
612,Bustamante - Valdivia,9,
612,San Francisco 441,9,
612,San Francisco 525,9,
612,Camino Cintura 2606 / Sur,8,
612,Camino Cintura - Andacollo,8,
612,Jiménez 10-36,8,
612,Camino Cintura - Tupper,9,
612,Camino Cintura - California Bajo,9,
612,Camino Cintura - California / Sur,9,
612,Camino Cintura - Calle Principal,8,
612,Avenida Alemania 4546,8,
612,Alemania - Mackay / Norte,8,
612,Alemania - Caupolican / Poineitne,8,
612,Alemania 5305 / Oriente,8,
612,Alemania - Camila / Sur,8,
612,Alemania - Aquiles Ramirez,8,
612,Alemania - Etchegaray,8,
612,Alemania - Yerbas Buenas / Sur,9,
612,La Sebastiana / Poniente,9,
612,Avenida Alemania 7084,8,
612,Valenzuela - Calle Cinco,8,
612,Baquedano - Buffon,8,
612,Baquedano,8,
612,Manuel Verdugo - Escala Verdugo,9,
612,Colon - San Ignacio - Urgencias Hospital Carlos Van Buren,8,
612,Colon - Morris,8,
612,Colegio Carlos Cousiño / Oriente,7,
612,Colon - Juana Ross,7,
612,Colon Argentina Poniente,7,
612,Argentina - Almte. Simpson,7,
612,Intituto Comercial Francisco Araya Bennett,8,
612,Liceo 1 De Valparaiso,8,
612,Escuela Alemania - Argentina Oriente,8,
612,Argentina - Chacabuco,8,
612,Jumbo De Valparaiso,8,
612,Diego Portales - Amalia Paz,8,
612,Federico Santa Maria,8,
612,España - Escala Bari,8,
612,Estacion Portales / Sur,9,
612,Inacap,9,
612,Industrial De Valparaiso,9,
612,Estacion Recreo / Oriente,8,
612,Avenida Espana - Arturo Prato / Sur,8,
612,Av España 753,8,
612,Av España - Agua Santa,8,
612,Estacion Miramar,8,
612,Iglesia Anglicana San Pedro,8,
612,Hospital Clinico Ist,7,
612,Calle Valparaiso - Quilpue,9,
612,Calle Valparaiso - Batuco,9,
612,Calle Valpraiso - Simon Bolivar,8,
612,Calle Valparaiso - Pte Cancha / Sur,8,
612,Uno Norte - Sporting Club,8,
612,Uno Norte Bella Tierras,8,
612,Uno Norte - Lusitania,8,
612,Uno Norte Troncal Sur,8,
612,Uno Norte Easy,8,
612,Uno Norte - Troncal Sur,8,
612,Los Limonares,121,8
612,Los Limonares - Pasaje Uno,9,
605,F - 528c,10,
605,F - 528b,9,
605,F - 528a,8,
605,Con Con Norte,8,
605,Garita 200 Norte,8,
605,Ruta 60 / Norte,8,
605,F 32,8,
605,F - 32 Con Con,8,
605,Rotonda Norte,8,
605,Rotonda,8,
605,Maroto - Calle 11,8,
605,Maroto / Calle 7 Poniente,8,
605,Calle 7 - Sta Margarita / Poniente,9,
605,Vergara - Clarencia,8,
605,Clarencia 882,7,
605,Clarencia - Magallanes,7,
605,Los Manantiales Magallanes,8,
605,Magallanes - Alejandro Flores Norte,8,
605,Los Manantiales - Los Navegantes,8,
605,De Reñaca - Petrelis,8,
605,De Reñaca A Concon - Scipion Borgoño / Norte,8,
605,Costanera - De Reñaca A Con Con,8,
605,Psj. 5de Reñaca A Concon,8,
605,Av. Reñaca Poniente,8,
605,Av Reñaca / Sta Isabel,7,
605,Av Reñaca,7,
605,Edicio Grecomar,8,
605,Av Edmundo Eluchans,7,
605,Av Edmundo Aluchans - Las Agatas,7,
605,Centro Comercial Foresta Reñaca / Poniente,8,
605,Camino Del Alto 1555 / Poniente,8,
605,Camino Del Alto Miramar,7,
605,Camino Del Alto - Bellavista,7,
605,Edicio Olimpo Del Mar,7,
605,Borgoño - Las Olas / Poniente,8,
605,Playa Salinas,8,
605,Jorge Montt - Playa Del Deporte,8,
605,Jorge Montt Playa Del Sol,8,
605,Jorge Montt - Petrobras / Oriente,8,
605,Quince Norte - 1 / 2 Poniente,8,
605,Libertad Quince Norte,7,
605,Libertad - Trece 1 / 2 Norte,7,
605,Libertad - Diez Norte,7,
605,Libertad - Ocho Norte,7,
605,Libertad Copec,7,
605,Libertad - Uno Norte,7,
605,Arlegui - Libertad,8,
605,Municipalidad De Viña,8,
605,Arlegui 573,7,
605,Arlegui 529,7,
605,Arlegui 437,7,
605,Arlegui 333,7,
605,Arlegui 237,7,
605,Arlegui 139,7,
605,Calle Valparaiso 70,8,
605,Calle Valparaiso - Av España,8,
605,Av España - Cerro Castillo,8,
605,Caleta Abarca,8,
605,Avenida Espana - Arturo Prat / Norte,8,
605,Estacion Recreo / Poniente,8,
605,Av. Esapaña,7,
605,Entrada A Valparaiso,8,
605,Estación Portales / Norte,8,
605,Pasarela Federico Santa Maria,8,
605,Pasarela Av España - Yolanda,8,
605,Argentina Orella,8,
605,Chacabuco 2899,7,
605,Chacabuco 2719,7,
605,Chacabuco 2646,7,
605,Chacabuco 2333,7,
605,Chacabuco 2110,7,
605,Chacabuco 1934,7,
605,Chacabuco 1774-1798,7,
605,Supermercado Unimarc,8,
605,Brazil - Bellavista,8,
605,Intendencia De Valparaiso,8,
605,Duoc Cousiño,8,
605,Blanco Gomez Carreño,7,
605,Blanco - Urriola,7,
605,Blanco - Almirante Señoret,7,
605,Blanco - Sotomayor,7,
605,Blanco - Clave,7,
605,Mercado - Puerto,8,
605,Blanco - Marquez,7,
605,Blanco 21,7,
605,Antonio Varas,8,
605,Playa San Mateo / Norte,8,
605,Asmar / Oriente,8,
605,Caleta Membrillo / Oriente,8,
605,Parque Alejo Barrios / Norte,8,
605,Parque - Subida Parque Membrillo,8,
605,Universidad De Valparaiso Facultad De Arquitectura,7,
605,Universidad De Valparaiso Facultad De Ciencias,7,
605,Liceo Politecnico Alfredo Nazar,8,
605,Av Playa Ancha / Poniente,8,
605,Quebrada Verde - Republica,8,
605,Colegio Maria Axuliadora / Norte,8,
605,Colegio Dabruna / Norte,8,
605,Pacifico - Manuel Riofrio,8,
605,Pacifico - Marchant,8,
605,La Explanada Poniente,8,
605,Bombero Ramon Cordero,8,
605,Bombero Ramon Cordero - Marchant,8,
605,Supermercado Santa Isabel / Norte,7,
605,Levarte 938-950,7,
605,Levarte 409,7,
605,Mirador Marina Mercante Poniente,8,
605,Consultorio Playa Ancha / Poniente,8,
605,Federico Sta Maria - Jose Serey / Poniente,8,
605,Parroquia El Buen Pastor / Poniente,8,
605,Escuela Naciones Unidas / Poniente,8,
605,Federico Sta Maria - Mario Recabarren / Poniente,8,
605,Federico Sta Maria / Cortes,7,
605,Federico Sta Maria / Calle Veintdos,7,
605,Federico Sta Maria - Venezuela / Sur,7,
605,Federico Sta Maria - Ramon Allende,7,
605,Baden Powen / Abelardo Nuñez,7,
605,Baden Powel / El Faro,7,
605,Baden Powel / Caleuche,7,
605,Baden Powel / El Ancla,7,
605,Baden Powel Poniente,7,
605,Baden Powel / Cosmopolita,7,
605,Garita Camino La Polvora,8,
901,Décima Avenida/ Terminal Unidad 9,10,
901,Cerro El Altar - Ojos Del Salado,10,
901,Rotonda Ojos Del Salado,10,
901,Supermercado Santa Isabel / Oriente,8,
901,Cardenal Samoré - Undécima Boulevard / Oriente,7,
901,Cardenal Samoré - Hernán Cortes,7,
901,Cardenal Samoré - Cristóbal Colón / Oriente,7,
901,Cristóbal Colón Cardenal Samoré,8,
901,Cristóbal Colón - Av. Curauma Norte,8,
901,Av. Curauma Sur - Rotonda Obispo Valdes,7,
901,Av. Curauma Norte - Los Tuliperos,7,
901,Av. Curauma Norte Av. Laguna De La Luz,7,
901,Av. Curauma Norte - Las Pelargonias,7,
901,Av. Curauma Norte - Los Ceibos,7,
901,Cardenal Samoré - Retén,8,
901,Cardenal Samoré - Sauce,8,
901,Sauce - Tercera,7,
901,Sauce - Cuarta,7,
901,Sauce - Octava,7,
901,Sauce - Novena,7,
901,Sauce - Décima,7,
901,Sauce - Undécima,7,
901,Sauce - Duodécima,7,
901,Duodécima - Primera Sur,7,
901,Av. Bernardo Ohiggins / Poniente,8,
901,Pasarela Placilla De Peñuelas / Oriente,8,
901,Avenida Santos Ossa,9,
901,Jose Santos Ossa - Hanga Roa / Norte,9,
901,Tierras Rojas,8,
901,Jose Santos Ossa / Norte,7,
901,Jose Santos Ossa / Norte,7,
901,Argentina - Almte. Simpson,8,
901,Intituto Comercial Francisco Araya Bennett,8,
901,Liceo 1 De Valparaiso,8,
901,Escuela Alemania - Argentina Oriente,8,
901,Rodoviario De Valparaiso,8,
901,Plaza O'Higgins - Congreso Nacional Teatro Municipal / Norte,8,
901,Pedro Montt 2329-2353,7,
901,Pedro Montt - Freire - Parque Salvador Allende,7,
901,Pedro Montt - Las Heras / Oriente,7,
901,Pedro Montt 1723,7,
901,Supermercado Unimarc,7,
901,Brazil - Bellavista,8,
901,Intendencia De Valparaiso,8,
901,Duoc Cousiño,8,
901,Errazuriz Gomez Carreño / Oriente,8,
901,Blanco - Gomez Carreño,7,
901,Blanco - Urriola,7,
901,Blanco - Almirante Señoret,7,
901,Blanco Sotomayor,7,
901,Blanco - Clave,7,
901,Mercado - Puerto,8,
901,Blanco - Marquez,7,
901,Blanco 21,7,
901,Tps - Aduana,8,
901,Antonio Varas,8,
901,Playa San Mateo / Norte,8,
901,Asmar / Oriente,8,
901,Caleta Membrillo / Oriente,8,
901,Parque Alejo Barrios / Norte,9,
901,Parque - Subida Parque Membrillo,9,
901,Universidad De Valparaiso Facultad De Arquitectura,8,
901,Universidad De Valparaiso Facultad De Ciencias,7,
901,Liceo Politecnico Alfredo Nazar,8,
901,Av Playa Ancha / Poniente,8,
901,Quebrada Verde - Republica,8,
901,Colegio Maria Axuliadora / Norte,7,
901,Colegio Dabruna / Norte,7,
901,Quebrada Verde - Pacico / Poniente,8,
901,Supermercado Santa Isabel / Norte,8,
901,Levarte 938-950,8,
901,Levarte 409,7,
901,Mirador Marina Mercante Poniente,7,
901,Consultorio Playa Ancha / Poniente,8,
901,Federico Sta Maria - Jose Serey / Poniente,8,
901,Garita Jose Serey,9,
503,Cabriteria 678,10,
503,Cabriteria Sur,9,
503,Cabriteria 1165,8,
503,Cabriteria 1165,7,
503,Cabriteria Nte - Dr Issrael Boizblat,7,
503,Manuel Antonio Matta 4348,8,
503,Manuel Antonio Matta - Tomas,7,
503,Manuel Antonio Matta 3-28,7,
503,Manuel Antonio Matta - Buenos Aires,7,
503,Manuel Antonio Matta - Cayena,7,
503,Manuel Antonio Matta 3083-3195,7,
503,Manuel Antonio Matta 3099,7,
503,Manuel Antonio Matta - Rio Loa,7,
503,Manuel Antonio Matta 2291,7,
503,Hamburgo - Rio De Oro,8,
503,Hamburgo - Malleco,8,
503,Hamburgo - Frankfurt,7,
503,Maria Eisters,8,
503,Javiera Carrera - Blanca,9,
503,Los Placeres - San Luis,8,
503,Los Placeres Rebeca Matte,8,
503,Diego Portales 768,7,
503,Diego Portales 477,7,
503,Eusebio Lillo,8,
503,Chacabuco 2899,7,
503,Chacabuco 2719,7,
503,Chacabuco 2646,7,
503,Chacabuco 2333,7,
503,Chacabuco 2110,7,
503,Chacabuco 1934,7,
503,Chacabuco 1774-1798,8,
503,Supermercado Unimarc,8,
503,Brazil Bellavista,7,
503,Intendencia De Valparaiso,7,
503,Duoc Cousiño,7,
503,Blanco - Gomez Carreño,7,
503,Blanco - Urriola,7,
503,Blanco Almirante Señoret,7,
503,Blanco - Sotomayor,7,
503,Blanco Clave,7,
503,Mercado - Puerto,7,
503,Blanco - Marquez,8,
503,Cochrane - Márquez,7,
902,Décima Avenida/ Terminal Unidad 9,9,
902,Av. Tupungato / Retorno Ccu,9,
902,Av. Tupungato/ Parque Peñuelas ( Lado Norte),8,
902,Av. Tupungato/ Rotonda Ojos Del Salado ( Lado Norte),9,
902,Supermercado Santa Isabel / Oriente,7,
902,Cardenal Samoré - Undécima Boulevard / Oriente,7,
902,Cardenal Samoré - Hernán Cortes,8,
902,Cardenal Samoré - Cristóbal Colón / Oriente,7,
902,Cristóbal Colón - Cardenal Samoré,7,
902,Cristóbal Colón - Av. Curauma Norte,7,
902,Av. Curauma Sur - Rotonda Obispo Valdes,8,
902,Obispo Valdes - Av. Curauma Norte,8,
902,Av. Curauma Norte - Los Tuliperos,8,
902,Av. Curauma Norte - Av. Laguna De La Luz,7,
902,Av. Laguna De La Luz - El Bosque,7,
902,Los Cactus / Los Guayacanes,9,
902,Los Cactus / Los Juncos,9,
902,Avenida Curauma Sur/ Quinchamalies,7,
902,Los Chañares - Av Curauma Norte,7,
902,Cardenal Samoré 830,7,
902,Cardenal Samoré - Sauce,7,
902,El Bosque - Primera,8,
902,Cardenal Samoré/ Primera,8,
902,Cardenal Samoré - El Bosque,8,
902,Sauce - Cardenal Samoré,8,
902,Sauce - Tercera,7,
902,Sauce Cuarta,7,
902,Sauce - Octava,7,
902,Sauce - Novena,7,
902,Sauce Décima,7,
902,Sauce - Undécima,7,
902,Duodécima - Primera Sur,8,
902,Segunda Independencia - Arturo Prat,8,
902,Arturo Prat Inglaterra,7,
902,Arturo Prat - Holanda / Sur,7,
902,Arturo Prat Portugal,7,
902,Martinez Cruz - Portugal / Norte,7,
902,Martinez Cruz - Bélgica / Norte,7,
902,Martinez Cruz - Holanda / Norte,7,
902,Martinez Cruz - Segunda Independencia,7,
902,Av. Bernardo Ohiggins / Poniente,8,
902,Pasarela Placilla De Peñuelas / Oriente,8,
902,Avenida Santos Ossa,8,
902,Jose Santos Ossa - Hanga Roa / Norte,9,
902,Tierras Rojas,9,
902,Jose Santos Ossa / Norte,9,
902,Jose Santos Ossa / Norte,8,
902,Argentina - Almte. Simpson,8,
902,Intituto Comercial Francisco Araya Bennett,7,
902,Liceo 1 De Valparaiso,8,
902,Escuela Alemania - Argentina Oriente,7,
902,Rodoviario De Valparaiso,7,
902,Plaza O'Higgins - Congreso Nacional Teatro Municipal / Norte,8,
902,Pedro Montt 2329-2353,8,
902,Pedro Montt - Freire - Parque Salvador Allende,7,
902,Pedro Montt - Las Heras / Oriente,7,
902,Pedro Montt 1723,7,
902,Supermercado Unimarc,8,
902,Brazil - Bellavista,7,
902,Intendencia De Valparaiso,7,
902,Duoc Cousiño,7,
902,Errazuriz Gomez Carreño / Oriente,8,
902,Blanco - Gomez Carreño,8,
902,Blanco - Urriola,7,
902,Blanco - Almirante Señoret,7,
902,Blanco Sotomayor,7,
902,Blanco - Clave,7,
902,Mercado - Puerto,8,
902,Blanco - Marquez,7,
902,Blanco 21,7,
902,Tps - Aduana,8,
902,Antonio Varas,8,
902,Playa San Mateo / Norte,8,
902,Asmar / Oriente,8,
902,Caleta Membrillo / Oriente,7,
902,Parque Alejo Barrios / Norte,8,
902,Parque - Subida Parque Membrillo,8,
902,Universidad De Valparaiso Facultad De Arquitectura,7,
902,Universidad De Valparaiso Facultad De Ciencias,7,
902,Liceo Politecnico Alfredo Nazar,7,
902,Av Playa Ancha / Poniente,8,
902,Quebrada Verde - Republica,8,
902,Colegio Maria Axuliadora / Norte,8,
902,Colegio Dabruna / Norte,8,
902,Quebrada Verde - Pacico / Poniente,8,
902,Supermercado Santa Isabel / Norte,8,
902,Levarte 938-950,7,
902,Levarte 409,7,
902,Mirador Marina Mercante Poniente,7,
902,Consultorio Playa Ancha / Poniente,8,
902,Federico Sta Maria - Jose Serey / Poniente,8,
902,Garita Jose Serey,8,
608,F190 / Poniente,10,
608,Ruta 60,8,
608,Ruta 60 - F - 528a,8,
608,Con Con Norte,9,
608,Garita 200 Norte,9,
608,Ruta 60 / Norte,8,
608,Ruta 60,7,
608,F - 32,7,
608,F - 32 Con Con,7,
608,Rotonda Norte,8,
608,Internacional CH 60 - Poniente,8,
608,Clarencia 882,8,
608,Psj. Los Manantiales,8,
608,Chañarcillo - Pje Tres,8,
608,Juan Vidante - Pje 3,8,
608,Norte - Diamante,8,
608,Diamantes Central,8,
608,Segunda Transversal - El Jardin Pte,8,
608,De Reñaca - Petrelis,8,
608,De Reñaca A Concon - Scipion Borgoño / Norte,8,
608,Costanera - De Reñaca A Con Con,8,
608,Psj. 5 de Reñaca A Concon,7,
608,Av. Reñaca Poniente,7,
608,Av Reñaca / Sta Isabel,7,
608,Av Reñaca,7,
608,Edicio Grecomar,8,
608,Av Edmundo Eluchans,7,
608,Av Edmundo Aluchans - Las Agatas,7,
608,Centro Comercial Foresta Reñaca / Poniente,8,
608,Camino Del Alto 1555 / Poniente,8,
608,Camino Del Alto - Miramar,7,
608,Camino Del Alto - Bellavista,7,
608,Edicio Olimpo Del Mar,8,
608,Borgoño - Las Olas / Poniente,7,
608,Playa Salinas,9,
608,Jorge Montt - Playa Del Deporte,8,
608,Jorge Montt Playa Del Sol,7,
608,Jorge Montt Petrobras / Oriente,7,
608,Quince Norte - 1 / 2 Poniente,8,
608,Libertad - Quince Norte,7,
608,Libertad - Trece 1 / 2 Norte,7,
608,Libertad - Ocho Norte,7,
608,Libertad Copec,7,
608,Libertad - Uno Norte,7,
608,Arlegui - Libertad,8,
608,Municipalidad De Viña,8,
608,Arlegui 573,7,
608,Arlegui 529,7,
608,Arlegui 437,7,
608,Arlegui 333,7,
608,Arlegui 237,7,
608,Arlegui 139,7,
608,Calle Valparaiso 70,8,
608,Calle Valparaiso - Av España,8,
608,Av España - Cerro Castillo,8,
608,Caleta Abarca,8,
608,Avenida Espana - Arturo Prat / Norte,8,
608,Estacion Recreo / Poniente,9,
608,Av. Esapaña,9,
608,Entrada A Valparaiso,9,
608,Estación Portales / Norte,8,
608,Pasarela Federico Santa Maria,8,
608,Pasarela Av España - Yolanda,8,
608,Estación Baron,7,
608,Muelle Baron,7,
608,Errazuriz - Francia / Oriente,7,
608,Errazuriz - Rodriguez / Oriente,7,
608,Errrazuriz Edwards,7,
608,Errazuriz - Bellavista / Oriente,7,
608,Errazuriz Almirante Martinez,7,
608,Errazuriz - Gomez Carreño / Oriente,7,
608,Estación Puerto,7,
608,Errazuriz - San Martin Plaza Echaurren,7,
608,Tps - Aduana,8,
608,Aduana,8,
510,Calle Diecinueve - Pje Uno,9,
510,Calle Dieciocho - Calle Diecisiete,9,
510,Porvenir - Calle Veinticinco,9,
510,Supermercado Santa Isabel / Sur,8,
510,Quebrada Verde - Piscis,7,
510,Quebrada Verde - Pacico / Oriente,7,
510,Colegio Dabruna / Sur,8,
510,Colegio Maria Auxiliadora / Sur,8,
510,Vista Hermosa - Levarte,8,
510,Levarte Av. Playa Ancha,8,
510,Gran Bretaña - Ing Mutilla,7,
510,Plaza Washington / Oriente,7,
510,Regimiento Maipo,7,
510,Universidad Valparaiso - Dider / Oriente,8,
510,Parque Alejo Barrios / Sur,7,
510,Parque,7,
510,Caleta Membrillo / Poniente,8,
510,Asmar / Poniente,8,
510,Playa Torperderas / Sur,8,
510,Ascensor Artilleria,7,
510,Aduana,7,
510,Aduana - Carampagne,7,
510,Cochrane - Carampagne,8,
510,Cochrane - Márquez,7,
510,Valdivia - Marquez,8,
510,Plaza Echaurren / Oriente,8,
510,Cochrane 419,7,
510,Cochrane - Almirante Muñoz H,7,
510,Cochrane - Sotomayor,7,
510,Consejo Nacional De La Cultura Y Las Artes,8,
510,Cochrane - Almirante Señoriet,8,
510,Reloj Turri / Norte,8,
510,Mercurio De Valparaiso,8,
510,Plaza Anibal Pinto,8,
510,Condell 1298,7,
510,Condell 1390,7,
510,Condell Eleuterio Ramirez,7,
510,Ex. Municipalidad,8,
510,Condell Molina,7,
510,Catedral De Valparaiso,8,
510,Yungay 1798-1900,7,
510,Yungay - Freire,7,
510,Avenida Francia 214,8,
510,Yungay Simon Bolivar - Sodimac Valparaiso,7,
510,Yungay - Morris,7,
510,Yungay - Uruguay - Mercado Cardonal,7,
510,Mercado Cardonal,8,
510,Yungay - Doce De Febrero,7,
510,Diego Portales Amalia Paz,8,
510,Los Placeres - Rebeca Matte,7,
510,San Antonio - Carmen,8,
510,Merced - San Guillermo,7,
510,San Guillermo - Latorre,7,
510,Escuela Republica De Paraguay,8,
510,Manuel Antonio Matta - Javiera Carrera,7,
510,Manuel Antonio Matta - Aquino,7,
510,Manuel Antonio Matta 2014,7,
510,Manuel Antonio Matta 2226,7,
510,Manuel Antonio Matta Yacahona,7,
510,Manuel Antonio Matta - Brasilia,7,
510,Manuel Antonio Matta 3083-3195,7,
510,Manuel Antonio Matta Paraguay,7,
510,Manuel Antonio Matta - Inglaterra,7,
510,Galvarino,8,
510,Manuel Antonio Matta 4348,7,
510,Subida Tiwe,8,
124,Garita Las Acacias,8,
124,El Rincón Las Acacias,9,
124,El Rincón - Los Franciscanos,8,
124,Camino Troncal - El Rincón Norte,8,
124,Manuel Montt - God Bless You,8,
124,Manuel Montt - Bucarest,9,
124,Manuel Montt 508,8,
124,Manuel Montt 508,8,
124,Manuel Montt - Caupolicán / Oriente,8,
124,Baquedano / Norte,7,
124,Puente Negro,7,
124,Correo Chilexpress,8,
124,Municipalidad Villa Alemana,7,
124,Avenida Valparaíso - Paseo La Torre,8,
124,Banco Bci,8,
124,Avenida Valparaiso - Caupolican,7,
124,San Enrrique - Río Blanco,7,
124,San Enrrique - María Mercedes,7,
124,San Enrrique - Los Cisnes,7,
124,San Enrrique - Yungay,7,
124,Yungay - Rosenquist,8,
124,Porvenir -Ma Mercedes,7,
124,Porvenir Sur - San José,7,
124,Porvenir 1503,7,
124,Porvenir - Pluma,7,
124,Porvenir Sur - El Rocío,7,
124,El Rocío -Pje Doce,8,
124,El Rocío 1129-1199,8,
124,El Rocío 1783,9,
124,Don Vitorio,9,
126,Venecia - Constitución,4,
126,Independencia - Latorre,3,
126,El Retiro - Berlin,3,
126,Enrique Costa - Gral. Velasquez,4,
126,Claudio Vicuña,5,
126,Aníbal Pinto 168,6,
126,Vicuña Mackenna 629,5,
117,Vicuña Mackenna 629,8,
117,Claudio Vicuña 661,7,
117,El Retiro - Latorre,5,
117,Granada - Berlín,4,
117,Bruselas - Brasil,5,
117,Límite Bruselas,4,
109,Garita Alcande Miguel Gandulfo,9,
109,Alde A. Peralta - Jazmin Del Cabo,8,
109,Alcalde Alejandro Peralta - Arturo Gatica,8,
109,Alcalde Alejandro Peralta - Troncos Viejos,7,
109,Troncos Viejos - Alde M. Gandulfo,8,
109,El Rocio - Porvenir,8,
109,Las Araucanias,8,
109,La Nina,8,
109,El Rocío - San Miguel,7,
109,El Rocío - Cuadro Verde,7,
109,Colegio Nuevo Milenio,8,
109,Avenida Valparaíso Nazareth / Norte,7,
109,Colegio Juan XXIII / Oeste,8,
109,Freire 262 - 292,8,
109,Freire - Almirante Williams Rebolledo Santa Isabel,8,
109,Freire - Gómez Carreño,8,
109,Freire - El Belloto / Oeste,7,
109,Freire 912 - 998,8,
109,Freire - Psje La Sta María,7,
109,Freire - Araus,8,
109,Supermercado Mayorista 10,7,
109,La Polar,8,
109,Freire - Lo Gamboa,7,
109,Ist,9,
109,Freire - Las Palmas,8,
109,Colegio Daniel De La Vega,7,
109,Freire 1133,7,
109,Freire 906,7,
109,Diego Portales 754,7,
109,Los Carrera 627,7,
109,Los Carrera 523,7,
109,Los Carrera 432 / Norte,7,
109,Los Carrera 18,7,
109,Los Carrera 15 / Norte,7,
109,Los Carrera 312,7,
109,Los Carrera 495 / Norte,7,
109,Los Carrera 739,7,
109,Los Carrera 1166 / Norte,7,
109,Los Carrera Cooperación,7,
109,Los Carrera 1729 / Norte,7,
109,Estrella Polar - Los Carrera / Norte,8,
109,Los Lunes - Troncal / Norte,8,
109,Troncal Pasarela 4 / Norte,7,
109,Troncal Pasarela 3 / Norte,7,
109,Troncal Pasarela 2 / Norte,7,
109,Troncal Pasarela / Norte,7,
109,Camino Troncal - Punta Lobo Sur,8,
109,Camino Troncal,8,
109,Camino Troncal - Uno Norte,8,
109,Uno Norte Santo Tomas,7,
109,Uno Norte Supermecado Jumbo,7,
109,Uno Norte - Los Algarrobos,7,
109,Uno Norte - Los Ligustros,7,
109,Uno Norte Colegio San Ignacio,7,
109,Uno Norte - Los Alerces,7,
109,Uno Norte Bella Tierras,7,
109,Uno Norte - Pte. Cancha,7,
109,Uno Norte Petrobras Poniente,7,
109,Uno Norte Cinco 1 / 2 Ote,7,
109,Uno Norte - Tres 1 / 2 Ote,7,
109,Uno Norte Supermercado Unimarc,7,
109,Uno Norte - Libertad,7,
109,Uno Norte - Cuatro Puente,7,
109,Uno Norte - San Martin,7,
109,La Marina - Pte Casino,7,
109,La Marina - Bajada Britania,7,
109,Caleta Abarca,8,
109,Avenida Espana - Arturo Prat / Norte,8,
109,Estacion Recreo / Poniente,8,
109,Av. Esapaña,8,
109,Entrada A Valparaiso,7,
109,Estación Portales / Norte,7,
109,Pasarela Federico Santa Maria,8,
109,Avenida Espana - Subida San Luis / Poniente,9,
109,Pasarela Av España - Yolanda,8,
109,Avenida Espana,8,
109,Avenida Espana,8,
109,Muelle Baron,8,
109,Errazuriz - Francia / Oriente,9,
109,Errazuriz - Rodriguez / Oriente,9,
109,Errrazuriz - Edwards,9,
109,Errazuriz - Bellavista / Oriente,8,
109,Errazuris - Duoc Cousiño / Oriente,8,
109,Errazuriz - Gomez Carreño / Oriente,7,
109,Errazuriz - San Martin Plaza Echaurren,7,
109,Tps - Aduana,7,
109,Antonio Varas,8,
109,Playa San Mateo / Norte,8,
109,Asmar / Oriente,8,
109,Caleta Membrillo / Oriente,8,
109,Av Altamiranon / Norte,8,
109,Hospital Siquiatrico Del Salvador,8,
109,Universidad De Playa Ancha,8,
109,Ciencias De La Educacion / Poniente,7,
109,Universidad Playa Ancha - Campus 1 / Poniente,7,
109,Universidad De Valparaiso Facultad De Arquitectura,7,
109,Alcalde Barrios - Frontera,7,
109,Garita Galvarino,7,
106,Garita Alcande Miguel Gandulfo,8,
106,Cuarta/Martinez,9,
106,Alde A. Peralta - Jazmin Del Cabo,8,
106,Alcalde Alejandro Peralta - Arturo Gatica,8,
106,Alcalde Alejandro Peralta - Troncos Viejos,7,
106,Alcalde Alejandro Peralta - Las Añañucas,7,
106,II De Línea Alcalde Alejandro Peralta,8,
106,Ojos De Agua - Santa Ana,7,
106,Ojos De Agua - René Quevedo,7,
106,Colegio Juan XXIII / Oeste,8,
106,Freire 262 - 292,7,
106,Freire - Almirante Williams Rebolledo Santa Isabel,7,
106,Freire - Gómez Carreño,7,
106,Freire - El Belloto / Oeste,7,
106,Freire 912 - 998,7,
106,Freire - Psje La Sta María,7,
106,Freire - Araus,7,
106,Supermercado Mayorista 10,8,
106,Polar,7,
106,Freire - Lo Gamboa,8,
106,Ist,8,
106,Freire - Las Palmas,7,
106,Colegio Daniel De La Vega,8,
106,Freire 1133,8,
106,Freire 906,7,
106,Diego Portales 754,7,
106,Los Carrera 627,6,
106,Los Carrera 523,6,
106,Los Carrera 432 / Norte,6,
106,Los Carrera 18,6,
106,Los Carrera 15 / Norte,6,
106,Los Carrera 312,6,
106,Los Carrera 495 / Norte,6,
106,Los Carrera 739,6,
106,Los Carrera 1166 / Norte,6,
106,Los Carrera - Cooperación,6,
106,Los Carrera 1729 / Norte,6,
106,Estrella Polar - Los Carrera / Norte,7,
106,Los Lunes - Troncal / Norte,7,
106,Troncal Pasarela 4 / Norte,7,
106,Troncal Pasarela 3 / Norte,7,
106,Troncal Pasarela 2 / Norte,7,
106,Troncal Pasarela / Norte,7,
106,Camino Troncal Punta Lobo Sur,6,
106,Camino Troncal,6,
106,Camino Troncal Uno Norte,6,
106,Uno Norte Santo Tomas,7,
106,Uno Norte Supermecado Jumbo,7,
106,Uno Norte - Los Algarrobos,6,
106,Uno Norte - Los Ligustros,6,
106,Uno Norte Colegio San Ignacio,6,
106,Uno Norte - Los Alerces,6,
106,Uno Norte Bella Tierras,6,
106,Uno Norte - Pte. Cancha,6,
106,Uno Norte Petrobras Poniente,6,
106,Uno Norte - Cinco 1 / 2 Ote,6,
106,Uno Norte - Tres 1 / 2 Ote,6,
106,Uno Norte Supermercado Unimarc,6,
106,Uno Norte - Libertad,6,
106,Uno Norte - Cuatro Puente,6,
106,Uno Norte - San Martin,6,
106,La Marina - Pte Casino,7,
106,La Marina - Bajada Britania,7,
106,Caleta Abarca,6,
106,Avenida Espana - Arturo Prat / Norte,7,
106,Estacion Recreo / Poniente,7,
106,Av. España,7,
106,Entrada A Valparaiso,7,
106,Estación Portales / Norte,8,
106,Pasarela Federico Santa Maria,8,
106,Pasarela Av España - Yolanda,8,
106,Avenida Espana,7,
106,Avenida Espana,7,
106,Estación Baron,6,
106,Muelle Baron,6,
106,Errazuriz - Francia / Oriente,7,
106,Errazuriz Rodriguez / Oriente,6,
106,Errrazuriz - Edwards,6,
106,Errazuriz Bellavista / Oriente,6,
106,Errazuris - Duoc Cousiño / Oriente,6,
106,Errazuriz - Gomez Carreño / Oriente,6,
106,Estación Puerto,7,
106,Errazuriz - San Martin - Plaza Echaurren,6,
106,Tps - Aduana,7,
106,Antonio Varas,7,
106,Playa San Mateo / Norte,8,
106,Asmar / Oriente,8,
106,Caleta Membrillo / Oriente,8,
106,Parque Alejo Barrios / Norte,8,
106,Parque Subida Parque Membrillo,7,
106,Universidad De Valparaiso Facultad De Arquitectura,7,
106,Alcalde Barros - Tucapel,6,
106,Alcalde Barrios - Frontera,6,
106,Garita Galvarino,6,
1,Salida Nocturnos (Servicio Inyector),8,
1,Pedro Montt - Las Heras / Poniente,7,
1,Pedro Montt 2078,7,
1,Pedro Montt 2248,7,
1,Pedro Montt 2484,7,
1,Plaza O'Higgins - Congreso Nacional - Teatro Municipal / Sur,8,
1,Pedro Montt 2998,7,
1,Avenida Argentina 402-576,8,
1,Rancagua 694,7,
1,Argentina - Independencia,7,
1,Jose Santos Ossa - Sur,6,
1,Jose Santos Ossa / Sur,6,
1,Jose Santos Ossa - Noruega,6,
1,Liceo Las Acasias,7,
1,Jose Santos Ossa Hanga Roa / Sur,7,
1,Pasarela Placilla De Peñuelas / ¨Poniente,8,
1,Sauce - Décima,7,
1,Sauce - Octava,7,
1,Sauce Quinta,7,
1,Sauce - Segunda,7,
1,Sauce - Cardenal Samoré,7,
1,Cardenal Samoré 830,8,
1,Los Chañares - Av Curauma Norte,9,
1,Av. Curauma Norte - Los Ceibos,8,
1,Av. Curauma Norte - Las Pelargonias,8,
1,Av. Curauma Norte - Av. Laguna De La Luz,7,
1,Av. Curauma Norte - Los Tuliperos,7,
1,Rotonda Ekono,7,
1,Paradero 7 Placilla,8,
1,Av. Cardenal Samoré - Cristóbal Colón / Poniente,7,
1,Cardenal Samoré Colegio Nueva Era Siglo XXI,7,
1,Cardenal Samoré 2335,7,
1,Supermercado Santa Isabel / Poniente,8,
1,Av. Borde Laguna / Norte,7,
1,Av. Borde Laguna / Oriente,8,
1,Borde Laguna / Sur,7,
1,Parque Sur,7,
1,Fin 001 Inyector,7,
706,Plaza Washington / Oriente,8,
706,Regimiento Maipo,7,
706,Universidad Valparaiso - Dider / Oriente,8,
706,Parque Alejo Barrios / Sur,7,
706,Parque,7,
706,Caleta Membrillo / Poniente,7,
706,Asmar / Poniente,9,
706,Playa Torperderas / Sur,7,
706,Ascensor Artilleria,7,
706,Aduana,6,
706,Aduana - Carampagne,6,
706,Cochrane - Carampagne,7,
706,Cochrane - Márquez,8,
706,Valdivia - Marquez,8,
706,Plaza Echaurren / Oriente,7,
706,Cochrane 419,7,
706,Cochrane Almirante Muñoz H,6,
706,Cochrane - Sotomayor,6,
706,Consejo Nacional De La Cultura Y Las Artes,7,
706,Cochrane Almirante Señoriet,7,
706,Reloj Turri / Norte,7,
706,Mercurio De Valparaiso,6,
706,Plaza Anibal Pinto,6,
706,Condell 1298,6,
706,Condell 1390,6,
706,Condell - Eleuterio Ramirez,6,
706,Ex. Municipalidad,7,
706,Condell - Molina,7,
706,Pedro Montt - Plaza Victoria / Sur,8,
706,Pedro Montt - Las Heras / Poniente,8,
706,Pedro Montt 2078,7,
706,Pedro Montt 2248,7,
706,Pedro Montt 2484,7,
706,Pedro Montt 2550-2598,7,
706,Plaza O'Higgins Congreso Nacional - Teatro Municipal / Sur,7,
706,Pedro Montt 2998,7,
706,Avenida Argentina 402-576,8,
706,Rancagua 694,8,
706,Argentina - Independencia,8,
706,Av. Argentina - Casablanca,7,
706,Argentina - Santa Elena,7,
706,George Washington 494,7,
706,George Whasintong / Sur,6,
706,George Washington 732,7,
706,Geroge Washington - Bajada Norte / Poniente,6,
706,George Washington - Jorge Hunneus / Poniente,6,
706,Calderón - George Washington,8,
706,George Washington - Las Camelias,7,
706,El Melón,7,
706,Princesa,6,
706,Colombia,8,
706,Camino Real,7,
706,Camino Real - Galeti,7,
706,Camino Real Alto,6,
706,Camino Real / Norte,6,
706,Camino Real / Sur,7,
706,Camino Real - La Isla,7,
704,Terminal La Isla,7,
704,Camino O'Higgins,7,
704,Camino Real,7,
704,Camino Real / Norte,8,
704,Bernardo O'Higgins - Villa Virginia,7,
704,Bernardo O'Higgins - Malloco / Norte,7,
704,Bernardo O'Higgins 2315 - 2915,8,
704,Bernardo O'Higgins - Veinte De Agosto,6,
704,Bernardo O'Higgins - Cuarta,6,
704,Bernardo O'Higgins 1538 - 1794,6,
704,Bernardo Ohiggins/Kenrick,6,
704,Geroge Washington - Bajada Norte / Poniente,7,
704,George Washington 1365,8,
704,George Washington 1129-1163,7,
704,George Washington - San Martin,7,
704,George Washington 732,7,
704,George Washington 571,7,
704,Argentina - Almte. Simpson,8,
704,Intituto Comercial Francisco Araya Bennett,8,
704,Liceo 1 De Valparaiso,7,
704,Escuela Alemania - Argentina Oriente,7,
704,Argentina Chacabuco,7,
704,Av. Argentina / Pje Quillota,7,
704,Diego Portales - Amalia Paz,8,
704,Federico Santa Maria,7,
704,España - Escala Bari,7,
704,Estacion Portales / Sur,6,
704,Inacap,6,
704,Industrial De Valparaiso,6,
704,Estacion Recreo / Oriente,6,
704,Avenida Espana - Arturo Prato / Sur,6,
704,Av España 753,7,
704,Av España - Agua Santa,6,
704,Estacion Miramar,7,
704,Iglesia Anglicana San Pedro,6,
704,Hospital Clinico Ist,6,
704,Plaza Vergara,7,
704,Libertad Museo Francisco Fonk,6,
704,Libertad Seis Norte,6,
704,Libertad - Nueve Norte,6,
704,Libertad - Diez Norte / Sur,6,
704,Libertad - Trece Norte,6,
704,Libertad Plaza O ´Higgins,6,
704,Quince Norte - Igatri,7,
704,15 Norte - 3 Oriente,7,
701,Rio Bueno - Transversal,8,
701,Jose Figueroa 25,7,
701,Gonzalo Garcia 55,8,
701,George Washington - Bajada Central,7,
701,Geroge Washington - Bajada Norte / Poniente,8,
701,George Washington 1365,8,
701,George Washington 1129-1163,7,
701,George Washington Escala San Bernardo,6,
701,George Washington - San Martin,6,
701,George Washington 571,6,
701,Argentina - Almte. Simpson,8,
701,Intituto Comercial Francisco Araya Bennett,7,
701,Liceo 1 De Valparaiso,7,
701,Escuela Alemania Argentina Oriente,8,
701,Rodoviario De Valparaiso,8,
701,Plaza O'Higgins - Congreso Nacional - Teatro Municipal / Norte,7,
701,Pedro Montt 2329-2353,7,
701,Pedro Montt - Freire - Parque Salvador Allende,6,
701,Pedro Montt - Las Heras / Oriente,6,
701,Pedro Montt 1723,6,
701,Catedral De Valparaiso,7,
701,Supermercado Unimarc,7,
701,Brazil - Bellavista,8,
701,Intendencia De Valparaiso,7,
701,Duoc Cousiño,7,
701,Blanco Gomez Carreño,8,
701,Blanco - Urriola,7,
701,Blanco - Almirante Señoret,7,
701,Blanco - Sotomayor,8,
701,Blanco - Clave,7,
701,Mercado - Puerto,6,
701,Blanco - Marquez,8,
701,Blanco 21,7,
701,Bustamante - Capampagne,6,
701,Bustamante - Valdivia,8,
701,Cajilla - Santiago Severin,6,
701,Plazuela San Francisco,8,
701,San Francisco 441,7,
701,San Francisco 525,6,
701,Caimino Cintura 2606 / Sur,6,
701,Camino Cintura - Andacollo,7,
701,Cuebas - Ing Hyatt,8,
701,Tupper - Cañeria,7,
701,Cañeria 267,7,
701,Cañeria 370,7,
701,Gumercindo Díaz - Calle Uno / Oriente,6,
701,Gumercindo Díaz 414 / Norte,6,
701,Gumercindo Días 414 / Curva,6,
701,Camino La Polvora - Gumercindo Díaz,6,
701,Supermercado Acuenta / Norte,6,
701,Boyaca - Carabobo,6,
701,Federico Sta Maria - Venezuela / Sur,6,
701,Federico Sta Maria - Ramon Allende,6,
701,Baden Powen / Abelardo Nuñez,6,
701,Abelardo Nuñez / Vista Al Mar,7,
701,Garita Aberlado Nuñez,7,
705,Calle Escala,8,
705,Ibsen / Sur,7,
705,Noruega 433,8,
705,Noruega - Los Aromos,7,
705,Diguero,7,
705,Jose Santos Ossa / Norte,6,
705,Jose Santos Ossa / Norte,6,
705,Argentina - Almte. Simpson,7,
705,Intituto Comercial Francisco Araya Bennett,7,
705,Liceo 1 De Valparaiso,8,
705,Escuela Alemania - Argentina Oriente,7,
705,Rodoviario De Valparaiso,8,
705,Plaza O'Higgins - Congreso Nacional Teatro Municipal / Norte,7,
705,Pedro Montt 2329-2353,8,
705,Pedro Montt - Freire - Parque Salvador Allende,7,
705,Pedro Montt - Las Heras / Oriente,7,
705,Pedro Montt 1723,6,
705,Catedral De Valparaiso,7,
705,Supermercado Unimarc,7,
705,Brazil - Bellavista,7,
705,Intendencia De Valparaiso,7,
705,Duoc Cousiño,7,
705,Blanco - Gomez Carreño,8,
705,Blanco - Urriola,8,
705,Blanco - Almirante Señoret,7,
705,Blanco - Sotomayor,6,
705,Blanco - Clave,6,
705,Mercado - Puerto,7,
705,Blanco - Marquez,7,
705,Blanco 21,6,
705,Tps - Aduana,7,
705,Antonio Varas,8,
705,Playa San Mateo / Norte,7,
705,Asmar / Oriente,7,
705,Caleta Membrillo / Oriente,7,
705,Av Altamiranon / Norte,7,
705,Hospital Siquiatrico Del Salvador,7,
705,Universidad De Playa Ancha,8,
705,Ciencias De La Educacion / Poniente,7,
705,Universidad De Valparaiso Facultad De Arquitectura,6,
705,Universidad De Valparaiso Facultad De Ciencias,6,
705,Liceo Politecnico Alfredo Nazar,6,
705,Av Playa Ancha / Poniente,6,
705,Quebrada Verde - Republica,7,
705,Colegio Maria Axuliadora / Norte,6,
705,Colegio Dabruna / Norte,6,
705,Pacifico - Domeyko,7,
705,Pacifico - Marchant,7,
705,La Explanada Poniente,7,
705,Ramon Cordero - Plummer,8,
705,Marchant - Libertad,8,
705,Juan XXIII Libertad,7,
705,Juan XXIII - Crnel Vergara,7,
705,Supermercado Santa Isabel / Norte,6,
705,Levarte 938-950,6,
705,Mirador Marina Mercante Poniente,6,
705,Consultorio Playa Ancha / Poniente,6,
705,Federico Sta Maria - Jose Serey / Poniente,6,
705,Parroquia El Buen Pastor / Poniente,7,
705,Escuela Naciones Unidas / Poniente,7,
705,Federico Sta Maria - Mario Recabarren / Poniente,6,
705,Federico Sta Maria / Cortes,6,
705,Federico Sta Maria / Calle Veintdos,6,
705,Federico Sta Maria - Venezuela / Sur,6,
705,Federico Sta Maria - Ramon Allende,6,
705,Baden Powen / Abelardo Nuñez,6,
705,Estrella Polar / Aberlardo Nuñez,7,
705,Abelardo Nuñez / Vista Al Mar,7,
705,Garita Aberlado Nuñez,7,
707,Camino Real 25,7,
707,Camino O'Higgins,7,
707,Camino Real - El Mirador,8,
707,Camino Real / Norte,7,
707,Camino Real - Bernardo O'Higgins,6,
707,Bernardo O'Higgins - Villa Virginia,6,
707,Bernardo O'Higgins Malloco / Norte,6,
707,Bernardo O'Higgins 2315 - 2915,6,
707,Bernardo O'Higgins - Veinte De Agosto,6,
707,Bernardo O'Higgins - Cuarta,6,
707,Bernardo O'Higgins 1538 - 1794,6,
707,Jorge Renrich,6,
707,Noruega 433,7,
707,Noruega - Los Aromos,7,
707,Noruega - Emilio Ibaceta,8,
707,Diguero,8,
707,Jose Santos Ossa / Norte,7,
707,Jose Santos Ossa / Norte,6,
707,Argentina - Almte. Simpson,7,
707,Intituto Comercial Francisco Araya Bennett,6,
707,Liceo 1 De Valparaiso,7,
707,Escuela Alemania Argentina Oriente,7,
707,Rodoviario De Valparaiso,8,
707,Plaza O'Higgins - Congreso Nacional - Teatro Municipal / Norte,7,
707,Pedro Montt 2329-2353,7,
707,Pedro Montt - Freire - Parque Salvador Allende,9,
707,Pedro Montt - Las Heras / Oriente,6,
707,Pedro Montt 1723,6,
707,Catedral De Valparaiso,6,
707,Supermercado Unimarc,7,
707,Brazil - Bellavista,8,
707,Intendencia De Valparaiso,7,
707,Duoc Cousiño,7,
707,Blanco Gomez Carreño,7,
707,Blanco - Urriola,6,
707,Blanco - Almirante Señoret,6,
707,Blanco - Sotomayor,6,
707,Blanco - Clave,6,
707,Mercado - Puerto,6,
707,Blanco - Marquez,6,
707,Blanco 21,6,
707,Aduana,6,
802,Trole Bus Valparaiso,5,
802,Argentina - Pedro Montt,6,
802,Avenida Argentina 402-576,5,
802,Rancagua 694,6,
802,Argentina - Independencia,5,
802,Colon - Rancagua,6,
802,Colegio Carlos Cousiño / Poniente,6,
802,Hospital Carlos Van Buren,6,
802,Colon - Francia - Colegio Nuestra Señora De Los Urdes,6,
802,Colon Francisco Vergara Valdes,6,
802,Colon - Rodrigez,5,
802,Colon Las Heras,6,
802,Edwards - Plaza Victoria,6,
802,Supermercado Unimarc,6,
802,Brazil - Bellavista,5,
802,Intendencia De Valparaiso,5,
802,Duoc Cousiño,6,
802,Blanco - Gomez Carreño,6,
802,Blanco - Urriola,6,
802,Blanco - Almirante Señoret,6,
802,Blanco Sotomayor,6,
802,Blanco - Clave,6,
802,Mercado - Puerto,6,
802,Blanco - Marquez,6,
802,Blanco 21,6,
